Individual,Base_HR_TD_Median,Base_TEMP_TD_Mean,Base_EDA_TD_P_AUC,Base_EDA_TD_P_Peaks,Base_EDA_TD_T_AUC,P2R1_HR_TD_Median,P2R1_TEMP_TD_Mean,P2R1_EDA_TD_P_AUC,P2R1_EDA_TD_P_Peaks,P2R1_EDA_TD_T_AUC,P2R2_HR_TD_Median,P2R2_TEMP_TD_Mean,P2R2_EDA_TD_P_AUC,P2R2_EDA_TD_P_Peaks,P2R2_EDA_TD_T_AUC,P2R3_HR_TD_Median,P2R3_TEMP_TD_Mean,P2R3_EDA_TD_P_AUC,P2R3_EDA_TD_P_Peaks,P2R3_EDA_TD_T_AUC,P2R4_HR_TD_Median,P2R4_TEMP_TD_Mean,P2R4_EDA_TD_P_AUC,P2R4_EDA_TD_P_Peaks,P2R4_EDA_TD_T_AUC,P3R1_EDA_TD_P_ReT,P3R2_EDA_TD_P_ReT,P3R3_EDA_TD_P_ReT,P3R4_EDA_TD_P_ReT,Base_PA,Base_NA,P2R1_PA,P2R1_NA,P2R2_PA,P2R2_NA,P2R3_PA,P2R3_NA,P2R4_PA,P2R4_NA,std_HR, std_TEMP,std_EDA_P,std_EDA_T,computed_std_PA,computed_std_NA,d_P2R1_EDA_TD_P_AUC,d_P2R2_EDA_TD_P_AUC,d_P2R3_EDA_TD_P_AUC,d_P2R4_EDA_TD_P_AUC,d_P2R1_EDA_TD_T_AUC,d_P2R2_EDA_TD_T_AUC,d_P2R3_EDA_TD_T_AUC,d_P2R4_EDA_TD_T_AUC,d_P2R1_HR_TD_Median,d_P2R2_HR_TD_Median,d_P2R3_HR_TD_Median,d_P2R4_HR_TD_Median,d_P2R1_TEMP_TD_Mean,d_P2R2_TEMP_TD_Mean,d_P2R3_TEMP_TD_Mean,d_P2R4_TEMP_TD_Mean,d_P2R1_PA,d_P2R2_PA,d_P2R3_PA,d_P2R4_PA,d_P2R1_NA,d_P2R2_NA,d_P2R3_NA,d_P2R4_NA,d_P2R2_EDA_TD_P_AUC_vs_P2R1_EDA_TD_P_AUC,d_P2R3_EDA_TD_P_AUC_vs_P2R2_EDA_TD_P_AUC,d_P2R4_EDA_TD_P_AUC_vs_P2R3_EDA_TD_P_AUC,d_P2R2_EDA_TD_T_AUC_vs_P2R1_EDA_TD_T_AUC,d_P2R3_EDA_TD_T_AUC_vs_P2R2_EDA_TD_T_AUC,d_P2R4_EDA_TD_T_AUC_vs_P2R3_EDA_TD_T_AUC,d_P2R2_HR_TD_Median_vs_P2R1_HR_TD_Median,d_P2R3_HR_TD_Median_vs_P2R2_HR_TD_Median,d_P2R4_HR_TD_Median_vs_P2R3_HR_TD_Median,d_P2R2_TEMP_TD_Mean_vs_P2R1_TEMP_TD_Mean,d_P2R3_TEMP_TD_Mean_vs_P2R2_TEMP_TD_Mean,d_P2R4_TEMP_TD_Mean_vs_P2R3_TEMP_TD_Mean,d_P2R2_PA_vs_P2R1_PA,d_P2R3_PA_vs_P2R2_PA,d_P2R4_PA_vs_P2R3_PA,d_P2R2_NA_vs_P2R1_NA,d_P2R3_NA_vs_P2R2_NA,d_P2R4_NA_vs_P2R3_NA,z_d_P2R1_EDA_TD_P_AUC,z_d_P2R2_EDA_TD_P_AUC,z_d_P2R3_EDA_TD_P_AUC,z_d_P2R4_EDA_TD_P_AUC,z_d_P2R1_EDA_TD_T_AUC,z_d_P2R2_EDA_TD_T_AUC,z_d_P2R3_EDA_TD_T_AUC,z_d_P2R4_EDA_TD_T_AUC,z_d_P2R1_HR_TD_Median,z_d_P2R2_HR_TD_Median,z_d_P2R3_HR_TD_Median,z_d_P2R4_HR_TD_Median,z_d_P2R1_TEMP_TD_Mean,z_d_P2R2_TEMP_TD_Mean,z_d_P2R3_TEMP_TD_Mean,z_d_P2R4_TEMP_TD_Mean,z_d_P2R1_PA,z_d_P2R2_PA,z_d_P2R3_PA,z_d_P2R4_PA,z_d_P2R1_NA,z_d_P2R2_NA,z_d_P2R3_NA,z_d_P2R4_NA,z_d_P2R2_EDA_TD_P_AUC_vs_P2R1_EDA_TD_P_AUC,z_d_P2R3_EDA_TD_P_AUC_vs_P2R2_EDA_TD_P_AUC,z_d_P2R4_EDA_TD_P_AUC_vs_P2R3_EDA_TD_P_AUC,z_d_P2R2_EDA_TD_T_AUC_vs_P2R1_EDA_TD_T_AUC,z_d_P2R3_EDA_TD_T_AUC_vs_P2R2_EDA_TD_T_AUC,z_d_P2R4_EDA_TD_T_AUC_vs_P2R3_EDA_TD_T_AUC,z_d_P2R2_HR_TD_Median_vs_P2R1_HR_TD_Median,z_d_P2R3_HR_TD_Median_vs_P2R2_HR_TD_Median,z_d_P2R4_HR_TD_Median_vs_P2R3_HR_TD_Median,z_d_P2R2_TEMP_TD_Mean_vs_P2R1_TEMP_TD_Mean,z_d_P2R3_TEMP_TD_Mean_vs_P2R2_TEMP_TD_Mean,z_d_P2R4_TEMP_TD_Mean_vs_P2R3_TEMP_TD_Mean,z_d_P2R2_PA_vs_P2R1_PA,z_d_P2R3_PA_vs_P2R2_PA,z_d_P2R4_PA_vs_P2R3_PA,z_d_P2R2_NA_vs_P2R1_NA,z_d_P2R3_NA_vs_P2R2_NA,z_d_P2R4_NA_vs_P2R3_NA
1,77.35,29.65380247,0.370729398,9,145.3097724,71.53,30.20159717,1.956401742,17,161.9810303,72.91,30.33257812,1.484085375,20,192.3411804,76.61,30.93729299,0.614382122,15,213.2353798,75.58,31.06549206,1.521929467,15,236.2120583,2.178571429,1.926470588,2.192307692,1.910714286,2.2,1.4,2.2,1.8,3.6,2.2,2.8,1.6,3.0,1.2,11.1116332,0.07989095,0.000935298,0.00587118,0.7483314773547883,0.22572958635023047,1.585672344,1.113355977,0.243652724,1.1512000690000002,16.671257899999972,47.031408,67.92560739999999,90.90228589999998,-5.819999999999993,-4.439999999999998,-0.7399999999999949,-1.769999999999996,0.5477947000000007,0.6787756500000022,1.2834905200000009,1.4116895900000017,0.0,1.4,0.5999999999999996,0.7999999999999998,0.40000000000000013,0.8000000000000003,0.20000000000000018,-0.19999999999999996,-0.4723163669999999,-0.8697032530000001,0.9075473450000001,30.360150100000027,20.89419939999999,22.97667849999999,1.3799999999999955,3.700000000000003,-1.0300000000000011,0.13098095000000143,0.6047148699999987,0.12819907000000086,1.4,-0.8000000000000003,0.20000000000000018,0.40000000000000013,-0.6000000000000001,-0.40000000000000013,1695.3659090471701,1190.3756631576248,260.5081204065442,1230.8377319314275,2839.5072029813377,8010.554607421335,11569.328039678563,15482.796626913156,-0.5237753888420285,-0.39958122447742406,-0.06659687074623692,-0.15929251516329715,6.856780398781098,8.49627711273933,16.065530826708166,17.670206575338028,0.0,1.8708286933869704,0.8017837257372726,1.0690449676496971,1.7720317769039837,3.5440635538079674,0.8860158884519924,-0.8860158884519914,-0.0005104260351194549,-0.0015107802696772018,0.0017635723658198132,0.004617605774154122,0.006026280295371335,0.0060955392774745525,0.15765413890256558,0.5273345879552235,-0.13234681689872538,0.1959388121182799,1.0226372926277119,0.30599478756086246,1.8199417627953711,-1.0737157612569646,0.3258974536979348,1.280772637471577,-1.792350577616088,-1.2276996280897028
2,67.055,33.96486842,7.053794021,21,549.1248198,68.58,34.12394035,73.97040045,41,1062.936048,73.95,33.60148003,403.0325512,31,6142.84612,76.67,32.70563549,170.8650163,23,1620.253359,70.23,32.24796664,512.8618341,35,2928.58481,1.75,1.777777778,2.053571429,1.043478261,2.0,1.0,3.4,1.0,2.6,1.0,3.2,1.0,3.6,1.0,4.01776316,0.037042729,0.009547902,0.036652239,0.7483314773547883,0.22572958635023047,66.916606429,395.978757179,163.81122227900002,505.808040079,513.8112282000001,5593.7213002,1071.1285392,2379.4599902,1.5249999999999915,6.894999999999996,9.614999999999995,3.174999999999997,0.1590719299999961,-0.36338839000000434,-1.2592329300000031,-1.7169017800000006,1.4,0.6000000000000001,1.2000000000000002,1.6,0.0,0.0,0.0,0.0,329.06215075,-232.1675349,341.99681780000003,5079.910072000001,-4522.592761,1308.3314509999998,5.3700000000000045,2.719999999999999,-6.439999999999998,-0.5224603200000004,-0.8958445399999988,-0.45766884999999746,-0.7999999999999998,0.6000000000000001,0.3999999999999999,0.0,0.0,0.0,7008.514166672427,41472.85520724867,17156.77666978568,52975.830719565405,14018.549540725193,152616.08711544197,29224.09567393686,64919.908172594856,0.3795644340568824,1.7161290313588309,2.3931226448897984,0.79024070697089,4.2942821518359535,-9.809978903012365,-33.994064800139405,-46.34922497205863,1.8708286933869704,0.8017837257372732,1.6035674514745464,2.138089935299395,0.0,0.0,0.0,0.0,0.3556131031029947,-0.4033032298966382,0.664578151644963,0.7726253659283082,-1.3044008587188727,0.3470904529358225,0.6134802361643338,0.38766218357789356,-0.8274888357551361,-0.7815659794782017,-1.5149685917280629,-1.0923970238549507,-1.0399667215973547,0.8052868209427232,0.651794907395869,0.0,0.0,0.0
3,74.685,30.90924466,82.01862885,30,1541.62514,103.55,31.72786164,202.4810704,43,2001.758862,71.38,33.21427124,92.52509483,42,1366.144497,84.42,33.77222222,46.20252447,39,894.3841377,69.9,33.17161812,115.7302524,29,1037.97251,1.65625,1.564285714,1.955882353,2.08,4.0,1.0,4.2,1.2,4.8,1.0,4.8,1.2,4.8,1.0,12.4581364,0.280267663,0.081831117,0.160142795,0.7483314773547883,0.22572958635023047,120.46244155,10.506465980000002,-35.81610438,33.71162355,460.1337219999998,-175.4806430000001,-647.2410023000001,-503.65263000000004,28.864999999999995,-3.305000000000007,9.735,-4.784999999999997,0.8186169800000016,2.3050265800000034,2.8629775600000045,2.262373459999999,0.20000000000000018,0.7999999999999998,0.7999999999999998,0.7999999999999998,0.19999999999999996,0.0,0.19999999999999996,0.0,-109.95597556999999,-46.32257036,69.52772793,-635.6143649999999,-471.7603593,143.58837230000006,-32.17,13.040000000000006,-14.519999999999996,1.4864096000000018,0.5579509800000011,-0.6006041000000053,0.5999999999999996,0.0,0.0,-0.19999999999999996,0.19999999999999996,-0.19999999999999996,1472.0859981661988,128.39206362049296,-437.6831906131747,411.96582407643297,2873.2714575139007,-1095.7760728479861,-4041.649218748805,-3145.0221035545187,2.316959701934231,-0.265288474446307,0.7814170344129479,-0.38408633894873684,2.920839925796226,8.224375781803994,10.215154789370063,8.072188691993336,0.2672612419124246,1.0690449676496971,1.0690449676496971,1.0690449676496971,0.8860158884519914,0.0,0.8860158884519914,0.0,-0.11882796483291622,-0.08046793558517591,0.1351083007527132,-0.09667332184761836,-0.1360645652394268,0.038092910737437084,-3.675169310504023,1.8584981153881384,-1.8657046421063008,2.2235701553943894,0.9435545707784249,-1.4335651887933616,0.7799750411980158,0.0,0.0,-0.6403863187357882,0.5974501925386958,-0.6138498140448511
4,77.9,32.38947368,2.689749096,24,596.7381567,79.68,32.42855573,214.6226797,43,1600.13039,81.78,32.71147173,461.4759725,31,3153.997735,79.57,32.84242734,833.6515187,30,3636.579443,78.02,33.4794061,1999.003457,60,7101.071524,1.661290323,1.523809524,1.704545455,1.329545455,3.6,1.2,3.6,1.2,3.8,1.2,3.6,1.4,4.0,1.2,2.26400362,0.085955597,0.003809802,0.070105464,0.7483314773547883,0.22572958635023047,211.93293060399998,458.786223404,830.961769604,1996.313707904,1003.3922333,2557.2595782999997,3039.8412863000003,6504.3333673,1.7800000000000011,3.8799999999999955,1.6699999999999875,0.11999999999999034,0.03908204999999754,0.3219980499999977,0.4529536599999986,1.0899324199999967,0.0,0.19999999999999973,0.0,0.3999999999999999,0.0,0.0,0.19999999999999996,0.0,246.85329280000002,372.1755462,1165.3519383,1553.867345,482.58170800000016,3464.492081,2.0999999999999943,-2.210000000000008,-1.5499999999999972,0.28291600000000017,0.1309556100000009,0.6369787599999981,0.19999999999999973,-0.19999999999999973,0.3999999999999999,0.0,0.19999999999999996,-0.19999999999999996,55628.33202460389,120422.58978393102,218111.53692606595,523994.08365684096,14312.6109728052,36477.321914594264,43360.97520586983,92779.26421398479,0.7862178241570131,1.7137781784995536,0.7376313294057311,0.053003448819569615,0.45467719804211865,3.7460975345211986,5.269623803555208,12.680179744432428,0.0,0.267261241912424,0.0,0.5345224838248486,0.0,0.0,0.8860158884519914,0.0,0.2667710803680151,0.6465141645909145,2.2645457409612453,0.23633436596683782,0.1391856458413547,0.9191035839333809,0.23990847224303471,-0.3149755241570398,-0.19916268562429487,0.4232235677726777,0.22145989309773664,1.5203868510667018,0.2599916803993384,-0.2684289403142407,0.651794907395869,0.0,0.5974501925386958,-0.6138498140448511
5,69.83,31.74457627,297.0191104,12,10204.31329,75.5,32.03583144,843.722674,40,10115.45212,75.55,32.44303993,456.3687076,27,8667.308223,79.275,33.66442464,953.4413383,34,7073.902289,74.975,33.25565323,495.2481752,25,8155.692655,1.545454545,1.739130435,1.510416667,2.239130435,2.8,1.4,2.8,1.6,3.0,1.6,4.0,1.4,3.6,1.8,2.91705512,0.084396329,0.59363568,0.568011383,0.7483314773547883,0.22572958635023047,546.7035636,159.3495972,656.4222279,198.2290648,-88.86117000000013,-1537.005067,-3130.4110010000004,-2048.620635,5.670000000000002,5.719999999999999,9.445000000000007,5.144999999999996,0.291255170000003,0.698463659999998,1.9198483700000004,1.5110769600000005,0.0,0.20000000000000018,1.2000000000000002,0.8000000000000003,0.20000000000000018,0.20000000000000018,0.0,0.40000000000000013,-387.3539664,497.0726307,-458.1931631,-1448.143897,-1593.4059340000003,1081.7903660000002,0.04999999999999716,3.7250000000000085,-4.300000000000011,0.40720848999999504,1.2213847100000024,-0.40877140999999995,0.20000000000000018,1.0,-0.3999999999999999,0.0,-0.20000000000000018,0.40000000000000013,920.9412136413365,268.42995218885767,1105.7661289833522,333.92377088924303,-156.4425866444302,-2705.9406078839093,-5511.176526897174,-3606.6541909425086,1.9437411247820375,1.9608816990746472,3.2378544838741363,1.7637650947096248,3.451040743727171,8.275995748582833,22.748008032434683,17.90453421261961,0.0,0.2672612419124246,1.6035674514745464,1.0690449676496978,0.8860158884519924,0.8860158884519924,0.0,1.7720317769039837,-0.4186082953533274,0.8634755825825364,-0.8903742654337559,-0.22025443216083593,-0.4595682561827167,0.2869908140093694,0.0057121064819767075,0.5308976594954623,-0.552515837538369,0.6091568874334521,2.0654917136257755,-0.9756850869815463,0.25999168039933895,1.3421447015712051,-0.651794907395869,0.0,-0.5974501925386965,1.2276996280897028
6,91.95,33.7989694,114.0128487,21,6046.616243,88.53,34.05254135,540.6252729,24,9387.058862,83.33,34.52983713,94.73609712,19,5715.572389,83.26,34.99856675,36.85895368,13,5615.476796,87.085,34.8965154,228.7034479,20,7165.438771,2.181818182,2.171052632,2.525,2.078947368,1.8,1.2,2.4,1.2,1.8,1.2,2.0,1.0,2.0,1.2,1.92324961,0.065710527,0.166576004,0.557352688,0.7483314773547883,0.22572958635023047,426.6124242,-19.27675158000001,-77.15389502000001,114.69059919999998,3340.4426189999995,-331.04385400000047,-431.1394470000005,1118.8225279999997,-3.4200000000000017,-8.620000000000005,-8.689999999999998,-4.865000000000009,0.2535719500000013,0.7308677299999999,1.1995973500000048,1.0975460000000012,0.5999999999999999,0.0,0.19999999999999996,0.19999999999999996,0.0,0.0,-0.19999999999999996,0.0,-445.88917578,-57.87714344,191.84449422,-3671.486473,-100.09559300000001,1549.9619750000002,-5.200000000000003,-0.06999999999999318,3.8249999999999886,0.4772957799999986,0.46872962000000484,-0.10205135000000354,-0.5999999999999999,0.19999999999999996,0.0,0.0,-0.19999999999999996,0.19999999999999996,2561.067704565659,-115.72346026502119,-463.17532638134367,688.5181325396662,5993.409004604997,-593.9575804109164,-773.5486995623863,2007.3869779201632,-1.7782403189984277,-4.481997529171475,-4.518394260846879,-2.5295728514407494,3.8589243090380525,11.122536424034461,18.255786473908582,16.702742317071984,0.801783725737273,0.0,0.2672612419124243,0.2672612419124243,0.0,0.0,-0.8860158884519914,0.0,-0.4818665199803824,-0.10053963357364754,0.372797794412666,-0.5584121646833866,-0.028869452626617956,0.4111932060678194,-0.5940590741256117,-0.009976600312665411,0.4914821112986626,0.7140028237867153,0.79267174225635,-0.24358352337150413,-0.7799750411980161,0.26842894031424097,0.0,0.0,-0.5974501925386958,0.6138498140448511
7,77.93,35.21695067,256.8476862,20,7034.381072,75.5,34.10267688,169.7584493,44,3467.752522,74.615,33.96173062,36.11623256,34,1708.830364,70.57,33.03678125,29.42431572,27,887.2216981,72.85,32.7113141,14.4048447,31,833.8331915,2.040540541,1.95,1.619565217,1.805555556,1.4,1.2,2.4,1.4,2.2,1.2,2.4,1.0,1.4,1.0,1.53069022,0.191344113,0.277409146,0.922401615,0.7483314773547883,0.22572958635023047,-87.0892369,-220.73145363999998,-227.42337048,-242.4428415,-3566.62855,-5325.550708000001,-6147.1593739,-6200.5478805,-2.430000000000007,-3.315000000000012,-7.360000000000014,-5.0800000000000125,-1.1142737900000057,-1.2552200500000055,-2.1801694200000057,-2.50563657,1.0,0.8000000000000003,1.0,0.0,0.19999999999999996,0.0,-0.19999999999999996,-0.19999999999999996,-133.64221673999998,-6.691916840000001,-15.01947102,-1758.9221580000003,-821.6086658999999,-53.38850660000003,-0.8850000000000051,-4.045000000000002,2.280000000000001,-0.14094625999999977,-0.9249493700000002,-0.3254671499999944,-0.19999999999999973,0.19999999999999973,-1.0,-0.19999999999999996,-0.19999999999999996,0.0,-313.9378717527936,-795.6891718342985,-819.8120853592909,-873.9540314218767,-3866.6763934492897,-5773.5704506545135,-6664.298147288045,-6722.1780400937405,-1.5875191258489956,-2.1656896716828906,-4.808288381172262,-3.318764263091726,-5.8234025208813485,-6.560013947228183,-11.39397176018687,-13.094923751325446,1.3363062095621219,1.0690449676496978,1.3363062095621219,0.0,0.8860158884519914,0.0,-0.8860158884519914,-0.8860158884519914,-0.1444253715966888,-0.011624673005785123,-0.029186272414364806,-0.26752203419008863,-0.23696740033118963,-0.014163567590764248,-0.10110428473099406,-0.5765049752105077,0.2929618859505764,-0.21084625479441008,-1.5641879611039,-0.7768484702914534,-0.2599916803993384,0.2684289403142407,-1.6294872684896726,-0.6403863187357882,-0.5974501925386958,0.0
8,68.34,29.91992179,2.034020237,13,691.8057535,70.25,29.48126619,20.0112447,40,817.9895518,72.335,29.53644654,8.603281328,21,885.1052285,75.82,29.59009317,11.73964142,28,637.1831617,65.07,30.00388311,19.18816117,36,412.6139793,1.764705882,1.902777778,1.864583333,1.5625,2.6,1.2,3.8,1.0,2.6,1.2,2.8,1.0,3.6,1.0,2.53194285,0.066380465,0.003632862,0.021958145,0.7483314773547883,0.22572958635023047,17.977224463,6.5692610909999996,9.705621183,17.154140933,126.18379829999992,193.29947499999992,-54.62259180000001,-279.19177420000005,1.9099999999999966,3.9949999999999903,7.47999999999999,-3.2700000000000102,-0.4386556000000006,-0.38347525000000005,-0.3298286200000007,0.08396132000000023,1.1999999999999997,0.0,0.19999999999999973,1.0,-0.19999999999999996,0.0,-0.19999999999999996,-0.19999999999999996,-11.407963372,3.1363600920000003,7.448519750000001,67.1156767,-247.92206679999993,-224.56918240000005,2.0849999999999937,3.4849999999999994,-10.75,0.055180350000000544,0.05364662999999936,0.4137899400000009,-1.1999999999999997,0.19999999999999973,0.8000000000000003,0.19999999999999996,-0.19999999999999996,0.0,4948.501887217295,1808.288091042269,2671.6184603213665,4721.935744600263,5746.560025903825,8803.08764697564,-2487.5776983893684,-12714.72495513624,0.754361418544655,1.5778397209873793,2.954253094614671,-1.2914983448382376,-6.60820318146311,-5.776929251700784,-4.968760312239462,1.2648498319498098,1.603567451474546,0.0,0.267261241912424,1.3363062095621219,-0.8860158884519914,0.0,-0.8860158884519914,-0.8860158884519914,-0.01232843475178138,0.005448238728844416,0.014474179963980946,0.010207911859638038,-0.07150538947879363,-0.05957650805922831,0.23819484029844154,0.49669217270917626,-1.3812895938459187,0.08254614301752214,0.09072216871696913,0.9876636763833111,-1.5599500823960322,0.2684289403142407,1.3035898147917386,0.6403863187357882,-0.5974501925386958,0.0
9,78.33,31.2978815,1.186044069,11,440.9696119,85.225,32.65705807,5.288131299,35,624.9041538,85.285,33.89680283,11.52641949,45,440.7078184,79.08,34.89,9.057235762,24,529.49772,84.02,35.4469697,1.137561547,15,637.6975771,2.189655172,1.778571429,2.511904762,1.846153846,2.4,1.2,2.4,1.0,2.6,1.0,2.0,1.4,2.6,1.0,2.14666191,0.084540047,0.002183467,0.036734059,0.7483314773547883,0.22572958635023047,4.1020872299999995,10.340375421000001,7.871191692999999,-0.04848252200000003,183.9345419,-0.2617935000000102,88.52810809999994,196.72796519999997,6.894999999999996,6.954999999999998,0.75,5.689999999999998,1.359176569999999,2.5989213299999996,3.5921185000000015,4.149088199999998,0.0,0.20000000000000018,-0.3999999999999999,0.20000000000000018,-0.19999999999999996,-0.19999999999999996,0.19999999999999996,-0.19999999999999996,6.2382881910000005,-2.469183728000001,-7.919674215,-184.1963354,88.78990159999995,108.19985710000003,0.060000000000002274,-6.204999999999998,4.939999999999998,1.2397447600000007,0.993197170000002,0.5569696999999962,0.20000000000000018,-0.6000000000000001,0.6000000000000001,0.0,0.3999999999999999,-0.3999999999999999,1878.703561812475,4735.759881417947,3604.905269005668,-22.204375884774088,5007.193512157205,-7.126724002920838,2409.9734826472604,5355.464943310511,3.21196363893185,3.239914011424369,0.3493796561564741,2.6506269913737825,16.077310318978164,30.741895967954687,42.49014079682262,49.07837583766659,0.0,0.2672612419124246,-0.5345224838248486,0.2672612419124246,-0.8860158884519914,-0.8860158884519914,0.8860158884519914,-0.8860158884519914,0.006741635331186073,-0.004289272284083775,-0.015389741007803532,-0.02801521267581179,0.025608678475617482,0.02870460492234264,0.006854527778372699,-0.8843543562870698,0.6347507528929148,1.8545759181335875,1.6796022644098523,1.3294154554267437,0.25999168039933895,-0.8052868209427232,0.9776923610938038,0.0,1.1949003850773916,-1.2276996280897021
10,62.325,31.3519471,29.97847434,23,515.7636495,88.02,31.12702035,36.60213734,31,563.7543095,66.08,30.23999407,70.38349813,41,545.5855226,82.85,30.58729439,11.46808948,25,419.3231308,69.555,30.8679984,45.03291089,23,445.2967775,1.666666667,1.75,1.952380952,2.05,3.0,1.4,3.6,1.2,3.0,1.6,3.0,1.2,2.4,1.8,15.431652,0.066651165,0.035236318,0.066790299,0.7483314773547883,0.22572958635023047,6.623662999999997,40.40502379,-18.510384860000002,15.054436549999995,47.990659999999934,29.821873099999948,-96.44051870000004,-70.46687200000002,25.694999999999993,3.7549999999999955,20.52499999999999,7.230000000000004,-0.22492675000000162,-1.1119530299999987,-0.76465271,-0.4839486999999991,0.6000000000000001,0.0,0.0,-0.6000000000000001,-0.19999999999999996,0.20000000000000018,-0.19999999999999996,0.40000000000000013,33.78136079000001,-58.91540865,33.56482140999999,-18.168786899999986,-126.26239179999999,25.973646700000018,-21.939999999999998,16.769999999999996,-13.294999999999987,-0.8870262799999971,0.34730031999999866,0.2807040100000009,-0.6000000000000001,0.0,-0.6000000000000001,0.40000000000000013,-0.40000000000000013,0.6000000000000001,187.9782955756046,1146.6868868080937,-525.3212001322046,427.24204469944885,718.5274017114363,446.50006881987383,-1443.9300339110632,-1055.046512069066,1.6650842048537637,0.2433310445310713,1.3300585057257637,0.46851756377087844,-3.374685948850281,-16.683174705198308,-11.47245828336234,-7.260918845154457,0.8017837257372732,0.0,0.0,-0.8017837257372732,-0.8860158884519914,0.8860158884519924,-0.8860158884519914,1.7720317769039837,0.036507068680470954,-0.10234322645265481,0.06522413605028309,-0.0027633689234894667,-0.03641644980906976,0.006890612306696004,-2.5064723242915217,2.3901083891916457,-1.7083018744354856,-1.3269324708737742,0.587321854634627,0.670004578874339,-0.7799750411980163,0.0,-0.9776923610938038,1.280772637471577,-1.1949003850773923,1.841549442134554
11,64.24,31.52799887,26.47838533,41,891.3449308,73.12,32.04713459,117.6992907,41,1960.21886,75.075,32.89676869,179.9285179,46,2006.457065,69.73,33.4664,158.1364618,40,2056.125331,69.77,34.25148507,114.5016895,26,1590.180197,2.066176471,1.777027027,1.818181818,1.791666667,1.8,1.4,1.6,1.4,2.8,1.6,2.8,1.0,2.2,1.4,11.5666315,0.315074253,0.023764223,0.074542021,0.7483314773547883,0.22572958635023047,91.22090537000001,153.45013257,131.65807647,88.02330417,1068.8739292,1115.1121342000001,1164.7804002000003,698.8352661999999,8.88000000000001,10.835000000000008,5.490000000000009,5.530000000000001,0.5191357199999977,1.3687698200000007,1.938401129999999,2.7234862,-0.19999999999999996,0.9999999999999998,0.9999999999999998,0.40000000000000013,0.0,0.20000000000000018,-0.3999999999999999,0.0,62.2292272,-21.792056099999996,-43.63477230000001,46.23820500000011,49.66826600000013,-465.9451340000003,1.9549999999999983,-5.344999999999999,0.03999999999999204,0.849634100000003,0.5696313099999983,0.7850850700000009,1.1999999999999997,0.0,-0.5999999999999996,0.20000000000000018,-0.6000000000000001,0.3999999999999999,3838.581441101609,6457.1912395368445,5540.180146853528,3704.0261812894114,14339.213169441704,14959.510343836802,15625.822651092332,9375.051237207532,0.7677256770910363,0.9367463638830379,0.4746412125258775,0.47809943629655716,1.6476615117135507,4.344276966356881,6.152204159950825,8.643950351601722,-0.2672612419124243,1.3363062095621214,1.3363062095621214,0.5345224838248489,0.0,0.8860158884519924,-1.7720317769039828,0.0,0.06725030070415439,-0.03785545044014996,-0.08479235716029764,0.007032567417857473,0.014325262575079234,-0.12361172505613231,0.22334336344530178,-0.761784695302883,0.00513968220965821,1.2709962501354786,0.963307253639019,1.8738976750131924,1.5599500823960322,0.0,-0.9776923610938031,0.6403863187357889,-1.792350577616088,1.2276996280897021
12,76.3,31.0840235,281.1399385,44,6468.484438,79.57,32.24594326,750.0781294,42,5040.70144,83.535,33.51325949,257.7040702,28,4785.185484,81.2,33.0445,84.19136684,26,3262.526943,77.9,33.37591787,58.78028378,42,2693.398139,1.551470588,1.791666667,2.011363636,1.795454545,2.4,1.0,2.2,2.0,2.6,2.0,2.0,1.2,2.2,1.4,5.71040859,0.285305058,0.165588881,0.168265288,0.7483314773547883,0.22572958635023047,468.93819089999994,-23.43586830000004,-196.94857166000003,-222.35965472000004,-1427.7829980000006,-1683.2989540000008,-3205.9574950000006,-3775.0862990000005,3.269999999999996,7.234999999999999,4.900000000000006,1.6000000000000085,1.1619197599999964,2.4292359900000022,1.9604764999999986,2.2918943700000014,-0.19999999999999973,0.20000000000000018,-0.3999999999999999,-0.19999999999999973,1.0,1.0,0.19999999999999996,0.3999999999999999,-492.3740592,-173.51270336,-25.411083060000003,-255.5159560000002,-1522.6585409999998,-569.128804,3.9650000000000034,-2.3349999999999937,-3.299999999999997,1.2673162300000058,-0.4687594900000036,0.3314178700000028,0.3999999999999999,-0.6000000000000001,0.20000000000000018,0.0,-0.8,0.19999999999999996,2831.9425076614893,-141.53044672123872,-1189.382828548736,-1342.8417015512052,-8485.309210061201,-10003.839615452955,-19052.993835543788,-22435.32426604827,0.572638533383825,1.2669846449639077,0.8580822059879967,0.2801901080777144,4.072552264390617,8.514521288297672,6.871509792861782,8.033136131782149,-0.267261241912424,0.2672612419124246,-0.5345224838248486,-0.267261241912424,4.430079442259958,4.430079442259958,0.8860158884519914,1.7720317769039828,-0.5321021171242364,-0.30141265755923424,-0.049379554815587035,-0.03886252043971648,-0.4391633767124463,-0.15098557342498906,0.45297004402077906,-0.33279088185822775,-0.4240237822968863,1.8958210082032176,-0.7927222556097416,0.7910520780261798,0.5199833607986774,-0.8052868209427232,0.3258974536979348,0.0,-2.3898007701547836,0.6138498140448511
13,77.49,32.37751497,6.695755319,45,497.4045,79.99,32.35328475,7.661595099,53,752.7988975,77.245,31.79809408,16.94764574,40,829.8089479,77.665,31.75575,8.164218647,37,568.7803216,85.68,31.41963622,16.0864156,53,696.2372323,1.744318182,2.25,1.701612903,1.263513514,3.4,1.0,3.0,1.8,3.8,2.2,3.2,1.4,2.6,1.0,3.26383043,0.090376448,0.005661066,0.017356997,0.7483314773547883,0.22572958635023047,0.9658397800000005,10.251890420999999,1.4684633280000003,9.390660280999999,255.39439749999997,332.40444790000004,71.3758216,198.83273229999998,2.5,-0.24499999999999034,0.17500000000001137,8.190000000000012,-0.024230219999999747,-0.5794208900000015,-0.621764970000001,-0.957878749999999,-0.3999999999999999,0.3999999999999999,-0.19999999999999973,-0.7999999999999998,0.8,1.2000000000000002,0.3999999999999999,0.0,9.286050641,-8.783427092999998,7.9221969529999985,77.01005040000007,-261.02862630000004,127.45691069999998,-2.7449999999999903,0.4200000000000017,8.015,-0.5551906700000018,-0.04234407999999945,-0.33611377999999803,0.7999999999999998,-0.5999999999999996,-0.6000000000000001,0.40000000000000013,-0.8000000000000003,-0.3999999999999999,170.61093793995698,1810.9469878994519,259.39696304547596,1658.814838230114,14714.204162160078,19151.03447330204,4112.22180887627,11455.480017655127,0.765971165971389,-0.07506517426519316,0.053617981618000715,2.509321539722274,-0.26810325628198783,-6.411193433935371,-6.879723465122251,-10.598765178290687,-0.5345224838248486,0.5345224838248486,-0.267261241912424,-1.0690449676496971,3.5440635538079666,5.31609533071195,1.7720317769039828,0.0,0.010035311798974994,-0.015257880554636234,0.015394643265572796,0.011712789700434977,-0.07528556787868784,0.03381335580586275,-0.313594645860538,0.059859601875998536,1.0298638227604686,-0.8305284117953878,-0.07160835209825546,-0.8022606147406308,1.0399667215973547,-0.8052868209427226,-0.9776923610938038,1.280772637471577,-2.3898007701547845,-1.2276996280897021
14,92.92,33.35065574,24.23889869,21,605.0770032,77.75,33.22073348,18.36850786,36,1057.421043,85.0,32.15268868,34.97998194,34,1328.669754,77.5,31.678512,4.67844912,21,1145.105026,76.785,31.0828725,7.840662128,29,804.7302797,1.646551724,1.824074074,1.875,1.951923077,1.8,1.2,2.6,1.6,3.0,1.0,1.4,1.4,1.8,1.2,8.1497428,0.276612058,0.041058422,0.095453356,0.7483314773547883,0.22572958635023047,-5.870390829999998,10.741083250000003,-19.56044957,-16.398236562,452.3440398,723.5927508,540.0280227999999,199.65327649999995,-15.170000000000002,-7.920000000000002,-15.420000000000002,-16.135000000000005,-0.12992226000000073,-1.1979670600000034,-1.6721437399999992,-2.26778324,0.8,1.2,-0.40000000000000013,0.0,0.40000000000000013,-0.19999999999999996,0.19999999999999996,0.0,16.61147408,-30.301532820000002,3.162213008,271.24871099999996,-183.56472800000006,-340.37474629999997,7.25,-7.5,-0.7150000000000034,-1.0680448000000027,-0.4741766799999958,-0.5956395000000008,0.3999999999999999,-1.6,0.40000000000000013,-0.6000000000000001,0.3999999999999999,-0.19999999999999996,-142.97653304844494,261.6048724424919,-476.4052931698155,-399.38789079619283,4738.9013729386315,7580.589945941764,5657.5069272577475,2091.6318175339998,-1.861408436104266,-0.9718098097525238,-1.89208425080605,-1.9798170808531534,-0.46969123811659985,-4.330856249223971,-6.045086219632548,-8.198425102639597,1.0690449676496976,1.6035674514745462,-0.5345224838248489,0.0,1.7720317769039837,-0.8860158884519914,0.8860158884519914,0.0,0.01795179977776209,-0.05263744589607989,0.006144904182100546,0.041255382796854534,-0.05294352188826147,-0.0902988495544335,0.8282554398866697,-1.068921462071398,-0.09187181949765921,-1.5977241682939702,-0.8018833012364879,-1.4217153234056794,0.5199833607986774,-2.147431522513928,0.6517949073958693,-1.9211589562073652,1.1949003850773916,-0.6138498140448511
15,86.475,34.33785832,1577.588094,26,12245.20783,86.78,34.61445923,1836.796935,49,24057.57566,82.475,35.0417053,1571.930165,46,12503.42593,88.4,35.00735697,657.0115777,26,1794.667136,85.21,35.35277961,2775.204454,61,20472.10279,1.2,1.098484848,1.825,1.077380952,3.2,1.2,3.4,1.4,2.4,1.6,3.8,1.4,3.2,2.2,6.58702542,0.173530888,1.43110616,3.480333866,0.7483314773547883,0.22572958635023047,259.2088410000001,-5.657928999999967,-920.5765163,1197.6163600000002,11812.36783,258.21810000000005,-10450.540694,8226.894960000001,0.3050000000000068,-4.0,1.9250000000000114,-1.2650000000000006,0.2766009099999991,0.7038469799999945,0.6694986499999942,1.0149212899999966,0.19999999999999973,-0.8000000000000003,0.5999999999999996,0.0,0.19999999999999996,0.40000000000000013,0.19999999999999996,1.0000000000000002,-264.8667700000001,-914.9185873,2118.1928763,-11554.14973,-10708.758794,18677.435654,-4.305000000000007,5.925000000000011,-3.190000000000012,0.42724606999999537,-0.03434833000000026,0.34542264000000245,-1.0,1.4,-0.5999999999999996,0.20000000000000018,-0.20000000000000018,0.8000000000000003,181.12481676411772,-3.9535354945296075,-643.2622135453599,836.8466249911189,3394.0329533890754,74.19348543614696,-3002.7408565865444,2363.823494168189,0.04630314604129869,-0.6072543743121004,0.29224116763770003,-0.19204419587620183,1.5939577857747094,4.056032837220279,3.8580949922874495,5.848649204169328,0.267261241912424,-1.0690449676496978,0.8017837257372726,0.0,0.8860158884519914,1.7720317769039837,0.8860158884519914,4.4300794422599585,-0.28623800632764573,-1.5893248016329753,4.116133932515736,-1.7573203140615974,-3.088607554313219,4.9549826199405045,-0.49181236809822326,0.8444479550364061,-0.4098896562203253,0.6391317778501503,-0.058086686701591374,0.8244796732574761,-1.2999584019966937,1.8790025821996872,-0.9776923610938031,0.6403863187357889,-0.5974501925386965,2.4553992561794056
16,75.73,34.72519802,897.1701259,20,9509.95874,76.28,34.79777849,2772.831905,50,11638.48822,77.92,35.1409166,762.767472,19,9154.148151,76.9,35.15128411,424.3926181,11,6381.136669,72.12,35.13614754,310.2333812,37,7198.232757,1.131578947,2.323529412,1.9375,1.689655172,2.4,1.0,3.6,1.0,2.2,1.2,3.8,1.0,4.0,1.2,2.73148644,0.02668055,0.993812558,0.602796729,0.7483314773547883,0.22572958635023047,1875.6617790999999,-134.40265390000002,-472.7775078,-586.9367447,2128.5294799999992,-355.8105890000006,-3128.8220709999996,-2311.7259830000003,0.5499999999999972,2.1899999999999977,1.1700000000000017,-3.6099999999999994,0.07258046999999834,0.4157185799999965,0.4260860899999983,0.4109495200000026,1.2000000000000002,-0.19999999999999973,1.4,1.6,0.0,0.19999999999999996,0.0,0.19999999999999996,-2010.064433,-338.3748539,-114.1592369,-2484.340069,-2773.011481999999,817.0960879999993,1.6400000000000006,-1.019999999999996,-4.780000000000001,0.34313810999999816,0.0103675100000018,-0.015136569999995686,-1.4,1.5999999999999996,0.20000000000000018,0.19999999999999996,-0.19999999999999996,0.19999999999999996,1887.33958330601,-135.23944009167977,-475.7210039199364,-590.5909922100219,3531.089963827589,-590.2662902472396,-5190.509371526466,-3835.0008747310244,0.20135556667819196,0.8017612564095313,0.42833820547906576,-1.3216247194695938,2.720351342082466,15.581334717612512,15.96991403850364,15.402588027608225,1.6035674514745464,-0.267261241912424,1.8708286933869704,2.138089935299395,0.0,0.8860158884519914,0.0,0.8860158884519914,-2.1722499802146924,-0.5877982533279379,-0.22183754556619575,-0.3778539634946284,-0.7997886941202957,0.21676942112737493,0.18735709260884673,-0.1453733188417096,-0.6141920240542784,0.5133118492873244,0.01753256432687457,-0.03612905711054513,-1.8199417627953711,2.1474315225139278,0.3258974536979348,0.6403863187357882,-0.5974501925386958,0.6138498140448511
17,78.02,34.03170671,298.7725029,29,3862.389596,94.88,34.20068128,2113.890473,52,4457.836638,85.99,34.18941516,1513.005101,25,3076.565175,88.4,35.00735697,657.0115777,26,1794.667136,80.45,35.44189456,798.7686093,26,3458.573904,1.132352941,1.09375,1.825,1.944444444,1.8,1.0,3.6,2.8,3.6,2.2,4.2,2.0,4.0,1.6,4.8664359,0.079428327,0.277837693,1.01852374,0.7483314773547883,0.22572958635023047,1815.1179700999999,1214.2325981,358.23907479999997,499.9961064,595.4470419999998,-785.8244209999998,-2067.72246,-403.8156920000001,16.86,7.969999999999999,10.38000000000001,2.430000000000007,0.16897456999999605,0.15770845000000122,0.9756502599999948,1.4101878499999998,1.8,1.8,2.4000000000000004,2.2,1.7999999999999998,1.2000000000000002,1.0,0.6000000000000001,-600.885372,-855.9935233,141.7570316,-1381.2714629999996,-1281.8980390000002,1663.9067679999998,-8.89,2.410000000000011,-7.950000000000003,-0.011266119999994828,0.8179418099999936,0.434537590000005,0.0,0.6000000000000001,-0.20000000000000018,-0.5999999999999996,-0.20000000000000018,-0.3999999999999999,6533.015554876493,4370.294703318026,1289.382556167424,1799.5978191483182,584.6177350760619,-771.5327489568381,-2030.1170986942336,-396.47155597963786,3.464547842909017,1.6377488913395528,2.1329778534635606,0.4993387460420483,2.1273842265366616,1.9855441497590804,12.283404382922413,17.754218214869358,2.4053511772118195,2.4053511772118195,3.2071349029490928,2.9398736610366685,7.974142996067924,5.31609533071195,4.430079442259958,2.658047665355975,-0.6493688540571764,-1.4869648026636872,0.27546638196644824,-0.2100835161293588,-0.36972351728876773,0.44142189909650087,-1.0156125324955165,0.3434800964789441,-1.0215118391697728,-0.01685336814232114,1.383226772818412,1.037185663977592,0.0,0.8052868209427232,-0.3258974536979348,-1.9211589562073639,-0.5974501925386965,-1.2276996280897021
18,71.99,34.88028807,313.2928126,40,32257.3341,73.8,35.13337365,4063.147616,36,49466.8925,70.975,35.55490132,466.7879267,17,21089.89492,70.16,35.27825446,215.8198975,46,7826.102111,75.78,35.4850535,619.3362192,24,10351.26177,1.59,1.75,1.535714286,1.65,1.8,1.2,3.0,1.4,3.2,1.6,2.6,1.4,3.6,1.6,2.43952944,0.320899938,0.209831454,2.069173396,0.7483314773547883,0.22572958635023047,3749.8548034,153.49511410000002,-97.4729151,306.04340659999997,17209.5584,-11167.439180000001,-24431.231989,-21906.072330000003,1.8100000000000023,-1.0150000000000006,-1.8299999999999983,3.7900000000000063,0.25308558000000403,0.6746132500000002,0.39796639000000056,0.6047654300000005,1.2,1.4000000000000001,0.8,1.8,0.19999999999999996,0.40000000000000013,0.19999999999999996,0.40000000000000013,-3596.3596893000004,-250.96802920000002,403.51632169999993,-28376.997580000003,-13263.792808999999,2525.159658999999,-2.825000000000003,-0.8149999999999977,5.6200000000000045,0.42152766999999614,-0.2766468599999996,0.20679903999999993,0.20000000000000018,-0.6000000000000001,1.0,0.20000000000000018,-0.20000000000000018,0.20000000000000018,17870.79454446329,731.5162296878524,-464.529570004314,1458.5201635213373,8317.117566497072,-5397.05333617193,-11807.242465145246,-10586.87124643468,0.7419463648694489,-0.41606384549308845,-0.7501446672436953,1.553578299920007,0.7886744434335292,2.1022542235579995,1.2401572667178282,1.884591919117169,1.6035674514745462,1.8708286933869707,1.0690449676496976,2.4053511772118195,0.8860158884519914,1.7720317769039837,0.8860158884519914,1.7720317769039837,-3.8865382301537608,-0.43596197384250995,0.7841246388169177,-4.31597958004053,-3.8255274450364793,0.669905786570881,-0.32273401623170267,-0.11615613221175827,0.7221253504571227,0.6305774308003159,-0.46783932388558236,0.4936028655480094,0.25999168039933895,-0.8052868209427232,1.6294872684896726,0.6403863187357889,-0.5974501925386965,0.6138498140448518
19,81.19,34.90718054,3325.512221,29,26083.2452,86.7,35.09614173,4997.747861,54,21641.1436,94.6,35.06669694,6748.221465,48,6574.371583,79.785,35.03243961,8937.78448,74,-1119.978146,81.575,34.89988477,8628.330158,69,2476.855316,0.902777778,1.0390625,1.039772727,1.017045455,1.0,1.0,2.0,1.2,2.4,1.0,2.2,1.0,2.4,1.2,3.546313,0.095816611,2.458822873,3.424613145,0.7483314773547883,0.22572958635023047,1672.2356399999999,3422.7092439999997,5612.272259,5302.817937000001,-4442.101600000002,-19508.873617,-27203.223346000002,-23606.389884,5.510000000000005,13.409999999999997,-1.4050000000000011,0.3850000000000051,0.18896119000000056,0.1595164000000011,0.12525906999999847,-0.0072957699999989245,1.0,1.4,1.2000000000000002,1.4,0.19999999999999996,0.0,0.0,0.19999999999999996,1750.4736039999998,2189.5630150000006,-309.4543219999996,-15066.772017,-7694.349729,3596.833462,7.8999999999999915,-14.814999999999998,1.7900000000000063,-0.029444789999999443,-0.03425733000000264,-0.1325548399999974,0.3999999999999999,-0.19999999999999973,0.19999999999999973,-0.19999999999999996,0.0,0.19999999999999996,680.0960160093646,1392.0113081687605,2282.5036811832197,2156.6490190202494,-1297.1104799050236,-5696.664934398014,-7943.444177254655,-6893.155192861937,1.5537263631270013,3.7813921106230604,-0.39618612344708465,0.10856345731468292,1.9721130608553934,1.664809455638137,1.307279277493946,-0.07614306041359493,1.3363062095621219,1.8708286933869704,1.6035674514745464,1.8708286933869704,0.8860158884519914,0.0,0.0,0.8860158884519914,1.8917136133691994,3.803537115523388,-0.6013406284194522,-2.2915701415969902,-2.2191952546202125,0.9542127528204646,0.9025128241523701,-2.111476194745035,0.23000077888225146,-0.044047452516354745,-0.05793279600327485,-0.3163914535882596,0.5199833607986774,-0.2684289403142407,0.3258974536979341,-0.6403863187357882,0.0,0.6138498140448511
20,69.465,33.38221399,1910.191152,37,20220.15873,70.5,33.49123457,4306.766278,33,12344.97902,70.57,34.54069615,3116.459393,38,8057.102885,72.8,35.1857508,2331.966398,51,7891.367842,72.7,35.23444811,1873.724026,28,7411.480936,0.965909091,1.287037037,1.203947368,1.166666667,2.2,2.0,4.0,1.0,3.0,1.2,3.8,1.4,3.2,1.6,14.7245555,0.077229329,1.49056117,1.55600405,0.7483314773547883,0.22572958635023047,2396.5751259999997,1206.268241,421.7752459999999,-36.46712600000001,-7875.1797099999985,-12163.055844999999,-12328.790888,-12808.677794,1.0349999999999966,1.1049999999999898,3.3349999999999937,3.2349999999999994,0.10902058000000636,1.1584821600000055,1.8035368100000042,1.8522341200000056,1.7999999999999998,0.7999999999999998,1.5999999999999996,1.0,-1.0,-0.8,-0.6000000000000001,-0.3999999999999999,-1190.306885,-784.4929950000001,-458.24237199999993,-4287.876135,-165.7350430000006,-479.8869059999997,0.06999999999999318,2.230000000000004,-0.09999999999999432,1.0494615799999991,0.6450546499999987,0.04869731000000144,-1.0,0.7999999999999998,-0.5999999999999996,0.19999999999999996,0.19999999999999996,0.20000000000000018,1607.8341326978211,809.2712095807514,282.96406379618753,-24.465366959747115,-5061.156306116297,-7816.853590451772,-7923.366836995057,-8231.776642226605,0.07029074663747892,0.07504471017817753,0.22649240583187683,0.21970102934516425,1.4116473807509886,15.000546748243863,23.353003753276223,23.983558370680726,2.405351177211819,1.0690449676496971,2.1380899352993943,1.3363062095621219,-4.430079442259958,-3.5440635538079666,-2.658047665355975,-1.7720317769039828,-1.2863488676985422,-1.3627596935594948,-0.8904698895977958,-0.6521615187875387,-0.04780110521408276,-0.1273103718741914,0.007996949074767066,0.31782598138922963,-0.01284920552414735,1.5699249039571843,1.0908561598177937,0.11623425215359053,-1.2999584019966937,1.0737157612569639,-0.9776923610938031,0.6403863187357882,0.5974501925386958,0.6138498140448518
21,81.86,32.36894481,137.2992029,20,1482.458478,72.11,32.33204415,209.3553722,30,3568.114659,64.725,32.47541292,134.1436224,28,3910.495614,67.42,31.59092308,29.91259543,19,2754.173564,67.625,31.1879798,94.10037215,26,4140.885121,1.447916667,1.864583333,2.132352941,1.927083333,2.6,1.2,2.6,1.6,3.0,1.0,3.0,1.2,2.0,1.6,5.69436593,0.110461068,0.188639503,1.030912482,0.7483314773547883,0.22572958635023047,72.0561693,-3.1555805000000134,-107.38660747000002,-43.19883075000001,2085.656181,2428.037136,1271.7150860000002,2658.4266430000002,-9.75,-17.135000000000005,-14.439999999999998,-14.235,-0.036900660000000585,0.10646810999999445,-0.7780217300000025,-1.1809650100000013,0.0,0.3999999999999999,0.3999999999999999,-0.6000000000000001,0.40000000000000013,-0.19999999999999996,0.0,0.40000000000000013,-75.2117498,-104.23102697,64.18777672,342.3809550000001,-1156.3220499999998,1386.711557,-7.385000000000005,2.6950000000000074,0.2049999999999983,0.14336876999999504,-0.884489839999997,-0.4029432799999988,0.3999999999999999,0.0,-1.0,-0.6000000000000001,0.19999999999999996,0.40000000000000013,381.9781549148801,-16.72810015832163,-569.2689270391049,-229.00203861330158,2023.1166247534095,2355.2310971049046,1233.5820044906588,2578.7122470789914,-1.712218729856021,-3.0091146601110697,-2.535839841961122,-2.4998393455897907,-0.33406032250204737,0.9638518975753019,-7.043402205743679,-10.691232950961522,0.0,0.5345224838248486,0.5345224838248486,-0.8017837257372732,1.7720317769039837,-0.8860158884519914,0.0,1.7720317769039837,-0.08128034073570536,-0.18106196394147359,0.12473155243135477,0.05207419164796559,-0.33350503896399064,0.36788410310138586,-0.8436781273880083,0.3840991120376568,0.026340871324503346,0.2144701690486869,-1.4957665839014624,-0.9617740859015274,0.5199833607986774,0.0,-1.6294872684896726,-1.9211589562073652,0.5974501925386958,1.2276996280897028
22,85.15,33.44415858,123.6615374,29,4276.400154,92.475,33.06595779,275.9272341,38,5351.109917,86.72,32.23169381,175.2816867,35,3312.714856,78.775,31.71612903,100.7319988,29,2269.977312,83.25,31.44857478,49.9761911,29,1842.049129,1.696969697,1.672413793,1.8125,2.222222222,2.0,1.6,3.2,1.4,4.0,1.0,3.6,1.0,3.8,1.0,2.60489847,0.024376017,0.148761739,0.464698421,0.7483314773547883,0.22572958635023047,152.26569670000003,51.620149299999994,-22.9295386,-73.68534629999999,1074.7097629999998,-963.6852979999999,-2006.422842,-2434.351025,7.324999999999989,1.5699999999999932,-6.375,-1.9000000000000057,-0.37820079000000106,-1.2124647699999969,-1.7280295499999987,-1.9955837999999986,1.2000000000000002,2.0,1.6,1.7999999999999998,-0.20000000000000018,-0.6000000000000001,-0.6000000000000001,-0.6000000000000001,-100.64554740000003,-74.5496879,-50.7558077,-2038.3950609999997,-1042.737544,-427.928183,-5.7549999999999955,-7.944999999999993,4.474999999999994,-0.8342639799999958,-0.5155647800000018,-0.2675542499999999,0.7999999999999998,-0.3999999999999999,0.19999999999999973,-0.3999999999999999,0.0,0.0,1023.5541593124293,346.9988294503602,-154.13599460544086,-495.3245827544406,2312.7037115540356,-2073.786469784454,-4317.688099052095,-5238.560999973787,2.81200979015508,0.6027106307909165,-2.4473122747083496,-0.7293950308934711,-15.515282500828624,-49.740069101527,-70.890562227619,-81.86668888522676,1.6035674514745464,2.6726124191242437,2.138089935299395,2.405351177211819,-0.8860158884519924,-2.658047665355975,-2.658047665355975,-2.658047665355975,-0.10876630856158577,-0.12950186997853302,-0.09863016002166199,-0.31002826971138175,-0.3007451299929254,-0.11352611507424012,-0.6574634560755559,-1.1323441354876336,0.5750019472056259,-1.2480035702464047,-0.8718749892712327,-0.6386177831848179,1.0399667215973547,-0.5368578806284819,0.3258974536979341,-1.2807726374715764,0.0,0.0
23,98.32,32.78416463,9.885432423,17,779.6328394,98.15,32.53982055,231.4032298,11,963.4771027,90.25,33.49689769,23.92864852,30,646.2335774,96.2,33.75905569,80.56258049,20,841.090658,91.17,33.3486438,75.52955329,13,548.0166336,3.0625,1.84375,1.964285714,1.875,2.0,1.2,2.8,1.6,3.4,1.6,4.2,1.0,4.2,1.0,16.152323,0.142641758,0.017680847,0.10371622,0.7483314773547883,0.22572958635023047,221.517797377,14.043216097,70.677148067,65.644120867,183.84426330000008,-133.39926200000002,61.457818599999996,-231.6162058,-0.1699999999999875,-8.069999999999993,-2.1199999999999903,-7.1499999999999915,-0.24434407999999763,0.7127330599999979,0.9748910599999974,0.5644791699999985,0.7999999999999998,1.4,2.2,2.2,0.40000000000000013,0.40000000000000013,-0.19999999999999996,-0.19999999999999996,-207.47458128,56.633931970000006,-5.0330272000000065,-317.2435253000001,194.85708060000002,-293.0740244,-7.900000000000006,5.950000000000003,-5.030000000000001,0.9570771399999956,0.26215799999999945,-0.4104118899999989,0.6000000000000001,0.8000000000000003,0.0,0.0,-0.6000000000000001,0.0,12528.68696714586,794.2615021214765,3997.3847444638827,3712.7248975685384,1772.5700309941885,-1286.1947919042946,592.557447620054,-2233.172456535728,-0.01052480191239288,-0.4996185378412748,-0.13125047090749675,-0.44266078631537964,-1.7129912265943723,4.996664861631879,6.834541817691264,3.9573206185526573,1.0690449676496971,1.8708286933869704,2.9398736610366685,2.9398736610366685,1.7720317769039837,1.7720317769039837,-0.8860158884519914,-0.8860158884519914,-0.2242150289719253,0.0983800241282033,-0.009780324668725112,-0.048250931876594655,0.056200448878331505,-0.07775032526732426,-0.9025128241523718,0.848011026576643,-0.6463150378646486,1.431723910363742,0.44333711747603577,-0.9796007029770252,0.7799750411980163,1.0737157612569646,0.0,0.0,-1.792350577616088,0.0
24,74.45,31.0578956,42.58648448,17,1761.786949,83.415,31.00818479,97.01260149,22,1872.714736,75.35,31.07732577,23.63234636,12,1178.066636,73.835,30.49198547,18.92251548,31,955.2692884,68.27,29.76862928,12.34266681,22,552.154696,2.464285714,1.5,1.635416667,1.5,3.6,1.2,3.6,1.2,4.2,1.2,4.2,1.2,4.6,1.6,3.37201651,0.056893532,0.066843869,0.119279624,0.7483314773547883,0.22572958635023047,54.42611700999999,-18.954138120000003,-23.663969,-30.243817670000002,110.92778699999985,-583.720313,-806.5176606,-1209.6322530000002,8.965000000000003,0.8999999999999915,-0.6150000000000091,-6.180000000000007,-0.049710809999997,0.019430170000003244,-0.5659101299999989,-1.2892663199999994,0.0,0.6000000000000001,0.6000000000000001,0.9999999999999996,0.0,0.0,0.0,0.40000000000000013,-73.38025513,-4.709830879999998,-6.5798486700000005,-694.6480999999999,-222.79734759999997,-403.1145924000001,-8.065000000000012,-1.5150000000000006,-5.564999999999998,0.06914098000000024,-0.5853403000000021,-0.7233561900000005,0.6000000000000001,0.0,0.39999999999999947,0.0,0.0,0.40000000000000013,814.2275099306414,-283.5583637446241,-354.0185413265052,-452.45462482131313,929.9810250910906,-4893.713556642332,-6761.571117963953,-10141.147435206538,2.6586465319530728,0.2669026077811201,-0.1823834486504365,-1.8327312400970441,-0.8737515188896516,0.34151808328586886,-9.946827171847916,-22.661035001307344,0.0,0.8017837257372732,0.8017837257372732,1.3363062095621212,0.0,0.0,0.0,1.7720317769039837,-0.07930106873061196,-0.00818154875525159,-0.01278615308569742,-0.10565201644260601,-0.06425894766290392,-0.10694325688969128,-0.9213627755428967,-0.2159221353384225,-0.7150582874188404,0.10343031937005838,-0.9898728299138669,-1.7265587315873938,0.7799750411980163,0.0,0.6517949073958682,0.0,0.0,1.2276996280897028
25,64.46,32.27962664,256.3976955,9,2149.73516,62.91,32.27966115,258.1469608,20,3014.904741,69.815,32.13024058,206.8459081,25,2703.610407,62.32,32.67610932,537.7494634,25,3122.947968,69.25,32.626,150.2342721,21,1617.831497,2.397058824,1.988636364,2.619047619,1.911764706,1.6,1.0,2.8,1.0,2.8,1.6,1.8,1.2,3.4,1.0,5.70555549,0.06520025,0.579247011,0.75201643,0.7483314773547883,0.22572958635023047,1.7492652999999905,-49.551787399999995,281.35176789999997,-106.1634234,865.1695809999997,553.875247,973.2128079999998,-531.9036630000003,-1.5499999999999972,5.355000000000004,-2.1399999999999935,4.790000000000006,3.451000000609383e-05,-0.14938605999999766,0.3964826800000054,0.3463733600000012,1.1999999999999997,1.1999999999999997,0.19999999999999996,1.7999999999999998,0.0,0.6000000000000001,0.19999999999999996,0.0,-51.301052699999985,330.9035553,-387.51519129999997,-311.2943339999997,419.3375609999998,-1505.116471,6.905000000000001,-7.494999999999997,6.93,-0.14942057000000375,0.5458687400000031,-0.05010932000000423,0.0,-0.9999999999999998,1.5999999999999999,0.6000000000000001,-0.40000000000000013,-0.19999999999999996,3.019895255014083,-85.54517582137338,485.71984413744343,-183.27832752511173,1150.4663282423228,736.5201409229849,1294.1376932416222,-707.3032473505936,-0.2716650469383126,0.9385589202288179,-0.3750730325470892,0.8395326289254977,0.0005292924491254839,-2.2911884540319654,6.080999382671162,5.312454476785,1.603567451474546,1.603567451474546,0.2672612419124243,2.405351177211819,0.0,2.658047665355975,0.8860158884519914,0.0,-0.05544036742456398,0.5748196994650988,-0.7530307773773041,-0.04734609379088212,0.12094484371405853,-0.3992960325468449,0.7888419051610284,-1.0682088477633502,0.8904499428234619,-0.2235232603812746,0.9231222152742907,-0.1196045394730279,0.0,-1.342144701571205,2.607179629583476,1.9211589562073652,-1.1949003850773923,-0.6138498140448511
26,98.165,31.18431749,8.580422352,19,454.8084984,97.18,31.17918448,303.5282467,43,1600.292935,94.03,31.4700321,916.2855989,47,2962.149292,106.63,31.78352135,153.5704829,14,1276.275745,78.83,31.4753271,434.1690978,22,1520.392042,1.671875,1.592857143,2.295454545,1.680555556,3.0,1.2,3.6,1.2,2.4,1.2,1.8,1.2,1.6,1.6,6.33274831,0.104018763,0.015394306,0.036118536,0.7483314773547883,0.22572958635023047,294.94782434800004,907.7051765479999,144.990060548,425.588675448,1145.4844366,2507.3407936,821.4672466,1065.5835436,-0.9849999999999994,-4.135000000000005,8.46499999999999,-19.335000000000008,-0.005133010000001548,0.2857146099999994,0.5992038599999994,0.2910096099999997,0.6000000000000001,-0.6000000000000001,-1.2,-1.4,0.0,0.0,0.0,0.40000000000000013,612.7573522,-762.715116,280.5986149,1361.8563570000001,-1685.8735470000001,244.11629700000003,-3.1500000000000057,12.599999999999994,-27.799999999999997,0.290847620000001,0.31348924999999994,-0.30819424999999967,-1.2000000000000002,-0.5999999999999999,-0.19999999999999996,0.0,0.0,0.40000000000000013,19159.540179856114,58963.695833251586,9418.421366185654,27645.850059625944,31714.58656574563,69419.77918484846,22743.647378177233,29502.401304416104,-0.15554068340985422,-0.6529550516748714,1.336702421385193,-3.053176765207649,-0.049346962528304124,2.7467603128485525,5.760536298629117,2.797664590570066,0.8017837257372732,-0.8017837257372732,-1.6035674514745462,-1.8708286933869704,0.0,0.0,0.0,1.7720317769039837,0.6621987456423281,-1.3249288704653817,0.5452673801001043,0.20713058917490965,-0.48623765583350786,0.06476220993539794,-0.3598627083645537,1.795788056279948,-3.572079135713166,0.4350887451207862,0.5301437318514964,-0.7356202666386628,-1.5599500823960326,-0.805286820942723,-0.3258974536979345,0.0,0.0,1.2276996280897028
